id,sequence,num_events,start_date,end_date
1,A → A → C → C → B → F → C,7,2024-01-02,2024-06-30
2,B → B → F → C → E → A → F → A → D → C,10,2024-01-21,2024-07-19
3,B → B → B → E → B → E → E → E,8,2024-01-13,2024-07-11
4,A → C → G → A → B → C,6,2024-01-26,2024-07-24
5,B → F → D → E → G → F → F → G → D,9,2024-01-14,2024-07-12
6,C → A → B → B → E → D → E → C → B,9,2024-01-20,2024-07-18
7,D → A → D → B → F → G → E → E,8,2024-01-09,2024-07-07
8,D → F → A,3,2024-01-01,2024-06-29
9,E → A → G → D → G → G → B → E → D,9,2024-01-05,2024-07-03
10,G → E → E → B → A → A → E → G,8,2024-01-24,2024-07-22
11,B → F → G → D → F → B → F,7,2024-01-08,2024-07-06
12,D → A → G → E → D → B,6,2024-01-29,2024-07-27
13,D → G → G,3,2024-01-08,2024-07-06
14,A → G → B → G,4,2024-01-30,2024-07-28
15,G → G → E → F,4,2024-01-10,2024-07-08
16,G → D → G → D,4,2024-01-27,2024-07-25
17,F → C → E → A → C → D → G,7,2024-01-22,2024-07-20
18,E → C → A → D → D → C → D → A,8,2024-01-29,2024-07-27
19,G → C → C → F → G → E → C → G,8,2024-01-22,2024-07-20
20,C → G → B → B,4,2024-01-21,2024-07-19
21,G → D → F → F → C → F → A → E → F → A,10,2024-01-19,2024-07-17
22,A → B → G → C → A → F → A,7,2024-01-06,2024-07-04
23,A → A → E → A → G → F → G → A → E,9,2024-01-15,2024-07-13
24,E → C → G,3,2024-01-31,2024-07-29
25,E → F → C → B → G → F → B → D,8,2024-01-05,2024-07-03
26,A → A → D → B → F → B,6,2024-01-19,2024-07-17
27,A → A → C → A → D → B → B → C,8,2024-01-16,2024-07-14
28,C → G → E → A → A → D → A → D → B → B,10,2024-01-11,2024-07-09
29,D → C → D,3,2024-01-21,2024-07-19
30,E → F → F,3,2024-01-21,2024-07-19
31,B → C → G → C → G → D → E → E,8,2024-01-12,2024-07-10
32,B → F → E → D → B,5,2024-01-04,2024-07-02
33,A → C → B → E → F → C → G,7,2024-01-09,2024-07-07
34,B → G → A → E → D → D → A,7,2024-01-05,2024-07-03
35,A → C → C → B → F,5,2024-01-28,2024-07-26
36,G → F → A → A → E,5,2024-01-21,2024-07-19
37,G → F → D → C → A,5,2024-01-05,2024-07-03
38,C → D → D → A → G → B → B → E → A → C,10,2024-01-22,2024-07-20
39,A → G → B,3,2024-01-22,2024-07-20
40,D → B → E → C → C,5,2024-01-14,2024-07-12
41,B → B → D,3,2024-01-13,2024-07-11
42,D → F → B → C → C → A → A,7,2024-01-06,2024-07-04
43,F → D → B → C → C → A → A → G → F,9,2024-01-20,2024-07-18
44,D → A → D → A → F → C → G → G → A → F,10,2024-01-19,2024-07-17
45,A → A → B → A → E,5,2024-01-25,2024-07-23
46,A → G → D → F → D → B,6,2024-01-30,2024-07-28
47,C → B → A → C,4,2024-01-24,2024-07-22
48,F → B → A → F → C → B → C → E,8,2024-01-24,2024-07-22
49,B → C → F,3,2024-01-28,2024-07-26
50,F → B → A → F → E → C → F → E → F,9,2024-01-01,2024-06-29
51,G → F → C,3,2024-01-14,2024-07-12
52,A → D → C → B → F → D → B → C,8,2024-01-17,2024-07-15
53,C → D → B → D → C → A → E → D → F → F,10,2024-01-12,2024-07-10
54,B → F → B → C,4,2024-01-13,2024-07-11
55,C → G → D → E → C → C → G → F → C → F,10,2024-01-01,2024-06-29
56,G → B → B,3,2024-01-31,2024-07-29
57,E → A → E → B → F → D,6,2024-01-11,2024-07-09
58,F → A → A → G → B → C,6,2024-01-11,2024-07-09
59,B → F → D → D → A,5,2024-01-24,2024-07-22
60,A → B → F,3,2024-01-03,2024-07-01
61,D → A → F → D → E → C → F → C,8,2024-01-26,2024-07-24
62,F → F → F → F,4,2024-01-20,2024-07-18
63,G → C → B → F → E → B → G → E → C,9,2024-01-10,2024-07-08
64,B → F → A → A → C → C → A → A,8,2024-01-03,2024-07-01
65,G → B → E → D → C,5,2024-01-09,2024-07-07
66,G → F → G → E,4,2024-01-24,2024-07-22
67,E → G → D → B → B → G → A → D → B,9,2024-01-26,2024-07-24
68,F → A → C → D → F → C,6,2024-01-22,2024-07-20
69,F → E → G → B → B → B,6,2024-01-05,2024-07-03
70,G → E → C → A → C → F → G → D → D,9,2024-01-20,2024-07-18
71,A → F → G → E → G → E,6,2024-01-20,2024-07-18
72,D → C → C → C → D → G → B → E → A → B,10,2024-01-01,2024-06-29
73,E → C → F → D → G → E,6,2024-01-30,2024-07-28
74,G → G → A → E → C → D → G → D → C,9,2024-01-06,2024-07-04
75,G → B → A → E → D → A → E → E,8,2024-01-08,2024-07-06
76,C → C → E → A → B → B → F → A → B → F,10,2024-01-23,2024-07-21
77,B → E → A → A → E,5,2024-01-18,2024-07-16
78,G → B → B → G,4,2024-01-14,2024-07-12
79,F → A → A → C → C,5,2024-01-10,2024-07-08
80,C → B → C,3,2024-01-18,2024-07-16
81,G → B → E → D → F → C → F → A → C,9,2024-01-04,2024-07-02
82,C → B → E → C,4,2024-01-04,2024-07-02
83,G → B → G → E → G → B → C → A,8,2024-01-01,2024-06-29
84,A → E → E → C → F → B,6,2024-01-02,2024-06-30
85,A → E → D → F → G → C → G → F,8,2024-01-09,2024-07-07
86,C → E → F,3,2024-01-30,2024-07-28
87,G → G → F → C → C → C,6,2024-01-19,2024-07-17
88,D → D → A → A → E → B,6,2024-01-14,2024-07-12
89,E → E → C → D → E → G,6,2024-01-23,2024-07-21
90,C → G → F → F → G → B → F → G,8,2024-01-25,2024-07-23
91,E → D → F → A → A → G → E,7,2024-01-28,2024-07-26
92,A → A → E → G → E → D → B → D → C → A,10,2024-01-16,2024-07-14
93,E → D → B → D → D → E → F → E → D,9,2024-01-08,2024-07-06
94,E → A → A → A,4,2024-01-05,2024-07-03
95,A → E → E → F → B → B → G,7,2024-01-09,2024-07-07
96,F → B → G → C → C → G → F,7,2024-01-25,2024-07-23
97,D → C → F → G → G → G → F → G,8,2024-01-30,2024-07-28
98,F → F → A,3,2024-01-10,2024-07-08
99,F → E → F → C → A → B → B → F,8,2024-01-04,2024-07-02
100,B → F → F → G → E → E,6,2024-01-26,2024-07-24
101,C → G → A → B → D → E → B,7,2024-01-16,2024-07-14
102,B → F → A → A → A → F → C → C,8,2024-01-17,2024-07-15
103,A → F → G → D → D → A,6,2024-01-02,2024-06-30
104,E → A → D → A,4,2024-01-12,2024-07-10
105,D → G → F → C → E,5,2024-01-24,2024-07-22
106,F → B → E → C → B,5,2024-01-07,2024-07-05
107,F → B → B → C → D → E → F → B → A,9,2024-01-10,2024-07-08
108,A → F → G,3,2024-01-30,2024-07-28
109,E → D → C → B,4,2024-01-13,2024-07-11
110,F → F → D,3,2024-01-20,2024-07-18
111,F → D → D → D → E,5,2024-01-24,2024-07-22
112,B → C → D → G → C → F,6,2024-01-17,2024-07-15
113,A → D → B → F → C → E,6,2024-01-20,2024-07-18
114,G → D → A → B → B → E → B → A,8,2024-01-10,2024-07-08
115,A → C → B → B → C → C,6,2024-01-14,2024-07-12
116,E → A → G → B → G → E → E → F → B → B,10,2024-01-18,2024-07-16
117,G → B → C → F → G → F,6,2024-01-04,2024-07-02
118,G → C → A → F → E,5,2024-01-16,2024-07-14
119,F → E → E → E,4,2024-01-15,2024-07-13
120,E → D → B → G → C → F → C → B,8,2024-01-20,2024-07-18
121,G → G → C → B → D,5,2024-01-08,2024-07-06
122,D → C → D → D → F → E,6,2024-01-25,2024-07-23
123,C → D → B → A → B → A → D → E,8,2024-01-27,2024-07-25
124,E → A → C → C → D → D → E → B → B → A,10,2024-01-06,2024-07-04
125,B → G → B → C → B → D,6,2024-01-03,2024-07-01
126,A → F → F → C → F → A → A → E → B → E,10,2024-01-13,2024-07-11
127,G → D → F → D → E → B → B → C,8,2024-01-09,2024-07-07
128,D → F → A → F → E → E → F → A,8,2024-01-18,2024-07-16
129,D → G → G → A → C → A → A → A → D,9,2024-01-29,2024-07-27
130,G → F → E → E → F → D → C → F → C → B,10,2024-01-01,2024-06-29
131,G → D → C → A → C → D,6,2024-01-03,2024-07-01
132,G → C → E → C → E → C → C → C,8,2024-01-22,2024-07-20
133,A → E → G → G → C → C → D → B → B,9,2024-01-13,2024-07-11
134,B → E → D → E → C → D → B → F,8,2024-01-23,2024-07-21
135,F → E → B → A → D → A → E → A,8,2024-01-03,2024-07-01
136,D → G → D → D → C → E,6,2024-01-17,2024-07-15
137,F → F → C,3,2024-01-01,2024-06-29
138,B → A → E → G → F → B,6,2024-01-16,2024-07-14
139,D → F → D → E → E,5,2024-01-25,2024-07-23
140,F → B → F → D,4,2024-01-06,2024-07-04
141,G → C → A → F → E → B → D → A → E → C,10,2024-01-18,2024-07-16
142,D → D → A → A → D → B → F → D → E → F,10,2024-01-30,2024-07-28
143,C → A → C,3,2024-01-20,2024-07-18
144,G → A → B → B → B → A → F → E → C,9,2024-01-31,2024-07-29
145,F → A → B → C → A → G → D,7,2024-01-03,2024-07-01
146,A → G → E → A → F,5,2024-01-19,2024-07-17
147,A → B → G → F → C → F → F → B → B,9,2024-01-15,2024-07-13
148,G → D → F,3,2024-01-27,2024-07-25
149,A → E → D → E → D,5,2024-01-08,2024-07-06
150,C → G → E → B → C,5,2024-01-19,2024-07-17
151,G → E → C,3,2024-01-16,2024-07-14
152,E → B → F → B,4,2024-01-22,2024-07-20
153,F → A → D → A → B → E → A,7,2024-01-15,2024-07-13
154,F → G → C → D → D → D → B → C,8,2024-01-31,2024-07-29
155,E → A → G → A,4,2024-01-22,2024-07-20
156,F → F → D → E → E → E → B,7,2024-01-22,2024-07-20
157,D → D → B → C,4,2024-01-18,2024-07-16
158,B → F → F → D → E → E → A → E → C → B,10,2024-01-03,2024-07-01
159,F → C → E,3,2024-01-24,2024-07-22
160,D → C → F,3,2024-01-03,2024-07-01
161,A → F → D,3,2024-01-29,2024-07-27
162,D → C → D,3,2024-01-03,2024-07-01
163,D → G → F → G → A → F → D,7,2024-01-21,2024-07-19
164,F → E → A → E → D → A → G → F → D,9,2024-01-12,2024-07-10
165,F → E → B → D → F → B → B → G → D,9,2024-01-09,2024-07-07
166,E → D → E → C → B → D → D,7,2024-01-11,2024-07-09
167,D → D → C → D,4,2024-01-09,2024-07-07
168,C → G → D → F,4,2024-01-22,2024-07-20
169,E → A → B → D → E → C → F → F,8,2024-01-07,2024-07-05
170,A → A → A → D → B,5,2024-01-16,2024-07-14
171,B → E → E → A → B → F → B → B,8,2024-01-03,2024-07-01
172,C → E → A → E,4,2024-01-08,2024-07-06
173,D → E → G → C → A → A,6,2024-01-01,2024-06-29
174,C → B → C → C → B → D,6,2024-01-25,2024-07-23
175,A → B → A,3,2024-01-05,2024-07-03
176,B → A → G → G → D → F,6,2024-01-25,2024-07-23
177,A → C → F → D → D → B,6,2024-01-13,2024-07-11
178,E → A → F → A → D → A → E → G → A,9,2024-01-03,2024-07-01
179,E → G → F → C → C,5,2024-01-07,2024-07-05
180,E → C → D → D → F → F → D,7,2024-01-19,2024-07-17
181,C → D → B → F → D,5,2024-01-08,2024-07-06
182,C → C → G → G → G → G → D → E → C → B,10,2024-01-06,2024-07-04
183,A → G → B → G → D → G → E → D → G,9,2024-01-09,2024-07-07
184,G → C → F → F → A → F,6,2024-01-25,2024-07-23
185,E → B → D → A → F → E → A,7,2024-01-01,2024-06-29
186,A → D → E → C → D → A → E → G,8,2024-01-04,2024-07-02
187,F → A → F → G → G → B → B → B,8,2024-01-04,2024-07-02
188,B → B → E → G → F → D → A,7,2024-01-20,2024-07-18
189,A → G → B → C → C → F → D → C → B → D,10,2024-01-26,2024-07-24
190,G → F → F,3,2024-01-17,2024-07-15
191,D → C → G,3,2024-01-27,2024-07-25
192,C → E → D → A,4,2024-01-01,2024-06-29
193,D → G → E → G → A → E → C → B,8,2024-01-07,2024-07-05
194,G → B → D → E → A → G → G,7,2024-01-07,2024-07-05
195,D → G → D → D → E → C → D,7,2024-01-02,2024-06-30
196,G → C → A → B → E → F,6,2024-01-10,2024-07-08
197,B → D → F → G → C,5,2024-01-22,2024-07-20
198,F → C → D → A → A → E → G → C → A → E,10,2024-01-06,2024-07-04
199,C → B → F → G,4,2024-01-06,2024-07-04
200,G → E → E → F,4,2024-01-25,2024-07-23
201,A → B → F,3,2024-01-16,2024-07-14
202,E → E → C → B → C → G → C,7,2024-01-23,2024-07-21
203,D → B → E → B,4,2024-01-03,2024-07-01
204,B → G → E → A → G,5,2024-01-02,2024-06-30
205,E → F → C → E → F → E → D,7,2024-01-25,2024-07-23
206,B → E → A → C → E → E → A → G,8,2024-01-24,2024-07-22
207,F → E → B → A → G → C → D,7,2024-01-11,2024-07-09
208,E → F → F → D,4,2024-01-25,2024-07-23
209,B → A → B → B → D → F → D,7,2024-01-17,2024-07-15
210,B → D → G → B → D,5,2024-01-11,2024-07-09
211,G → G → C → A → F → B → F → F → C → B,10,2024-01-12,2024-07-10
212,G → G → E → A → D → E,6,2024-01-25,2024-07-23
213,F → D → C → D → D,5,2024-01-19,2024-07-17
214,D → G → A → F → C → C → D → D → E → F,10,2024-01-05,2024-07-03
215,G → B → D → E → B → C → C → A → C → D,10,2024-01-05,2024-07-03
216,B → C → F → G → C → E → E → C → C → A,10,2024-01-01,2024-06-29
217,B → G → C → A → C,5,2024-01-05,2024-07-03
218,F → A → A → D → D → D → C,7,2024-01-19,2024-07-17
219,F → D → A → C → C → C → D → G → A,9,2024-01-14,2024-07-12
220,B → F → A,3,2024-01-06,2024-07-04
221,G → A → D → G → E → G → E → B → E,9,2024-01-10,2024-07-08
222,C → E → B → D → A → C,6,2024-01-19,2024-07-17
223,B → G → D → B → E → C → A → E → F → D,10,2024-01-20,2024-07-18
224,F → A → D → B → E → A → F → E,8,2024-01-20,2024-07-18
225,C → D → D → A → D → F → E → D → F,9,2024-01-29,2024-07-27
226,B → G → E → A → B → F → F,7,2024-01-06,2024-07-04
227,E → E → E → E → D → C → A → C → C → A,10,2024-01-23,2024-07-21
228,G → F → C → E → G → D,6,2024-01-22,2024-07-20
229,C → C → E → B,4,2024-01-23,2024-07-21
230,D → F → B → B → B → A,6,2024-01-17,2024-07-15
231,A → G → G → D → D → C → A,7,2024-01-30,2024-07-28
232,B → B → G,3,2024-01-08,2024-07-06
233,B → F → A → E → F → D → F → F → G,9,2024-01-23,2024-07-21
234,E → D → B → B → F → A → E → B → D,9,2024-01-26,2024-07-24
235,G → C → A,3,2024-01-05,2024-07-03
236,E → A → E → B → G,5,2024-01-17,2024-07-15
237,E → G → D → E → E → F → C → C → A → E,10,2024-01-07,2024-07-05
238,B → F → C → C → E → G → A → A → F → F,10,2024-01-31,2024-07-29
239,E → C → B → E → C,5,2024-01-23,2024-07-21
240,E → A → C,3,2024-01-22,2024-07-20
241,F → B → E → A → C → E → F → G → C → B,10,2024-01-30,2024-07-28
242,F → A → F → C → A,5,2024-01-11,2024-07-09
243,F → F → A,3,2024-01-27,2024-07-25
244,D → F → F → F → B → D,6,2024-01-19,2024-07-17
245,G → G → F → A → C → C,6,2024-01-10,2024-07-08
246,G → F → B → C → A → G → D → G → B,9,2024-01-01,2024-06-29
247,F → B → D → C → G → D,6,2024-01-28,2024-07-26
248,C → E → A → A → D → E → C,7,2024-01-28,2024-07-26
249,C → G → D → G,4,2024-01-19,2024-07-17
250,F → A → F → C,4,2024-01-10,2024-07-08
251,F → D → A → B,4,2024-01-05,2024-07-03
252,E → D → F → A → A → B → E → G,8,2024-01-15,2024-07-13
253,E → B → B → A → A → E → D → E → D → C,10,2024-01-17,2024-07-15
254,E → C → B → D → D → A → D,7,2024-01-04,2024-07-02
255,G → E → B → E → G → B → B → A → B → B,10,2024-01-11,2024-07-09
256,C → B → A,3,2024-01-14,2024-07-12
257,B → F → G,3,2024-01-02,2024-06-30
258,G → A → B → C → E,5,2024-01-30,2024-07-28
259,C → G → F → A → A → A → B → A → F → D,10,2024-01-24,2024-07-22
260,F → C → F → F → B → A → A → A,8,2024-01-26,2024-07-24
261,C → E → A,3,2024-01-12,2024-07-10
262,F → E → C,3,2024-01-01,2024-06-29
263,B → E → B → G → D → A → E → B,8,2024-01-31,2024-07-29
264,C → D → E → F → A,5,2024-01-22,2024-07-20
265,F → D → D → A → G → C → G → C,8,2024-01-02,2024-06-30
266,A → E → G → A → B,5,2024-01-18,2024-07-16
267,E → C → E → B → D → D → G → D → B,9,2024-01-22,2024-07-20
268,D → D → C → E → D → G → G → G → E,9,2024-01-10,2024-07-08
269,E → A → G → F → E → F → B,7,2024-01-24,2024-07-22
270,G → B → F → C,4,2024-01-13,2024-07-11
271,A → A → F → E,4,2024-01-16,2024-07-14
272,G → D → A → B → D,5,2024-01-07,2024-07-05
273,A → D → A,3,2024-01-31,2024-07-29
274,A → A → B → G → D → C,6,2024-01-18,2024-07-16
275,G → A → E → A → C → E,6,2024-01-25,2024-07-23
276,F → E → B → E → B → B → F → D → D,9,2024-01-15,2024-07-13
277,D → F → F → D → F → C → F,7,2024-01-20,2024-07-18
278,G → C → B → D → G,5,2024-01-03,2024-07-01
279,G → C → F → D → G,5,2024-01-24,2024-07-22
280,B → A → G → A → G → C → B → A → F,9,2024-01-25,2024-07-23
281,D → C → D → G → F → G,6,2024-01-11,2024-07-09
282,C → A → G → C → B → B → D → F,8,2024-01-02,2024-06-30
283,D → A → B → G → D → C → D → F → A,9,2024-01-25,2024-07-23
284,A → G → D → C → E → F → A → C → A → E,10,2024-01-23,2024-07-21
285,C → D → E → A → B → C → F → C,8,2024-01-16,2024-07-14
286,F → F → A → E → B → A → G → F → A → G,10,2024-01-29,2024-07-27
287,E → B → E → F → D → F → B,7,2024-01-27,2024-07-25
288,A → F → A,3,2024-01-24,2024-07-22
289,F → G → D → A → C → G → B → A,8,2024-01-17,2024-07-15
290,B → D → F → F → B → E → B → G,8,2024-01-20,2024-07-18
291,B → E → F → G → F → A → E → A → B,9,2024-01-10,2024-07-08
292,D → F → G,3,2024-01-30,2024-07-28
293,C → G → F → A → G → A → B → E → G,9,2024-01-27,2024-07-25
294,C → F → F → A → G → F → E → E → E,9,2024-01-18,2024-07-16
295,E → C → A,3,2024-01-30,2024-07-28
296,F → F → D → G → E → E,6,2024-01-03,2024-07-01
297,C → F → E → E → E → A → F,7,2024-01-21,2024-07-19
298,C → E → A → E → D → A → E → G,8,2024-01-11,2024-07-09
299,F → G → B → D → B → D → C,7,2024-01-14,2024-07-12
300,E → E → B → G → F → G → D → F,8,2024-01-10,2024-07-08
301,G → A → A → A → D,5,2024-01-06,2024-07-04
302,A → D → A → B → G,5,2024-01-16,2024-07-14
303,C → B → G → F → E,5,2024-01-01,2024-06-29
304,D → F → F → D,4,2024-01-15,2024-07-13
305,G → G → A → A → C → F → D,7,2024-01-22,2024-07-20
306,A → D → G → A → G → C,6,2024-01-06,2024-07-04
307,F → G → G → C → C → G → B → D,8,2024-01-03,2024-07-01
308,B → C → E → E → G → G → E → G → F,9,2024-01-18,2024-07-16
309,G → B → F → G → B → C,6,2024-01-05,2024-07-03
310,C → E → F → A → G → A,6,2024-01-21,2024-07-19
311,C → G → C → G → G → C → A → A → E → D,10,2024-01-08,2024-07-06
312,F → E → A → E → A → E → D → G → C → B,10,2024-01-07,2024-07-05
313,C → G → B → D,4,2024-01-07,2024-07-05
314,G → B → C → C → A → F → F,7,2024-01-29,2024-07-27
315,A → E → A → E → E,5,2024-01-19,2024-07-17
316,C → E → D → A → B → D,6,2024-01-04,2024-07-02
317,D → G → E → C → B,5,2024-01-20,2024-07-18
318,G → B → D → C → G → F → G,7,2024-01-23,2024-07-21
319,A → F → C → G → G → E → D → B → B,9,2024-01-19,2024-07-17
320,F → C → G → G → C → E → A → E,8,2024-01-22,2024-07-20
321,D → G → F → C → B → F → G,7,2024-01-24,2024-07-22
322,G → C → B → B → A → C → B,7,2024-01-21,2024-07-19
323,D → G → D,3,2024-01-17,2024-07-15
324,A → C → A → C → G → B → G → E → B,9,2024-01-27,2024-07-25
325,D → D → E → A → A,5,2024-01-06,2024-07-04
326,G → D → E → C → B → C → E → E,8,2024-01-26,2024-07-24
327,D → C → B → G → A → C → G,7,2024-01-08,2024-07-06
328,F → A → D → E → F → G → C → C → E,9,2024-01-30,2024-07-28
329,D → B → A → G → E → E,6,2024-01-06,2024-07-04
330,A → G → E → E,4,2024-01-23,2024-07-21
331,G → B → A → C → C,5,2024-01-29,2024-07-27
332,G → B → E → B → G → C → D → C → C,9,2024-01-26,2024-07-24
333,F → E → C → D → F,5,2024-01-12,2024-07-10
334,A → F → G → B → E → C,6,2024-01-23,2024-07-21
335,C → F → B → F → G,5,2024-01-28,2024-07-26
336,E → D → E → A → C → B → E → C → E → C,10,2024-01-17,2024-07-15
337,G → B → G → E → D,5,2024-01-15,2024-07-13
338,D → A → D → F → F,5,2024-01-04,2024-07-02
339,C → C → A,3,2024-01-09,2024-07-07
340,D → G → A → D → A → C,6,2024-01-23,2024-07-21
341,A → E → G → D → G → A → A → F → A → A,10,2024-01-02,2024-06-30
342,B → G → A,3,2024-01-17,2024-07-15
343,D → G → B → D → B → C → C → G → C,9,2024-01-12,2024-07-10
344,A → F → B → G → F → G → E → A → B → A,10,2024-01-01,2024-06-29
345,B → G → D → F → D → B → C → E,8,2024-01-26,2024-07-24
346,F → G → F → B → E → B → F,7,2024-01-07,2024-07-05
347,F → A → D → B → A,5,2024-01-04,2024-07-02
348,A → E → B → F → A → C → D → B → F,9,2024-01-22,2024-07-20
349,F → B → G → G,4,2024-01-29,2024-07-27
350,G → G → A → F → E → E → F → C,8,2024-01-08,2024-07-06
351,G → D → F → F → C → A → A → C → F,9,2024-01-15,2024-07-13
352,C → B → A → A → F → B → A → B → G → E,10,2024-01-04,2024-07-02
353,A → G → G → E → D → A → E → C,8,2024-01-25,2024-07-23
354,E → C → B → B → D → C → B → D → D → A,10,2024-01-21,2024-07-19
355,C → C → D → F,4,2024-01-13,2024-07-11
356,E → G → F → D → D,5,2024-01-07,2024-07-05
357,F → B → F → C → G → G → A → G → C → G,10,2024-01-14,2024-07-12
358,A → A → C → D → F → C → A → D,8,2024-01-06,2024-07-04
359,C → D → E → B → D → B → F → G → B,9,2024-01-30,2024-07-28
360,B → A → G,3,2024-01-26,2024-07-24
361,A → E → E → C → D → G → E,7,2024-01-27,2024-07-25
362,E → A → A → F → A → B → D → E,8,2024-01-13,2024-07-11
363,C → E → B → F → D → D → G → C,8,2024-01-21,2024-07-19
364,G → B → C → D → B,5,2024-01-27,2024-07-25
365,F → A → D → D → D → C → A,7,2024-01-08,2024-07-06
366,E → G → D → F → C → B,6,2024-01-12,2024-07-10
367,B → F → A → F → G → E → B → C → F → C,10,2024-01-22,2024-07-20
368,G → B → C → A → D → G → D,7,2024-01-20,2024-07-18
369,B → E → B → G → B → E → A,7,2024-01-30,2024-07-28
370,D → B → A → G → A → E,6,2024-01-15,2024-07-13
371,C → F → B → A → D → D → C → C → D,9,2024-01-01,2024-06-29
372,B → A → B,3,2024-01-28,2024-07-26
373,G → G → A → B → G → B → C → G → C,9,2024-01-05,2024-07-03
374,G → F → E → E → C,5,2024-01-26,2024-07-24
375,C → G → A → F → G → B → A → D → B → D,10,2024-01-15,2024-07-13
376,D → F → C → A → C → B,6,2024-01-15,2024-07-13
377,E → F → B,3,2024-01-03,2024-07-01
378,D → B → B → F → F → E,6,2024-01-31,2024-07-29
379,C → B → B → G → A → F → D → G → D,9,2024-01-12,2024-07-10
380,F → A → F → F → E,5,2024-01-19,2024-07-17
381,E → D → E → E → E → E,6,2024-01-27,2024-07-25
382,G → C → B → E → B → C → B,7,2024-01-19,2024-07-17
383,D → B → G → C,4,2024-01-26,2024-07-24
384,F → A → B → B → B → B → A → G → A → B,10,2024-01-28,2024-07-26
385,E → D → D → G → D → G → C,7,2024-01-12,2024-07-10
386,C → D → A → A → D → F,6,2024-01-22,2024-07-20
387,C → D → G → G → C → F → C → D,8,2024-01-18,2024-07-16
388,C → A → F → F → F → A → G → G,8,2024-01-21,2024-07-19
389,C → G → D → E → E → A → A → C → G,9,2024-01-31,2024-07-29
390,D → B → D → C → C → C → G → D,8,2024-01-02,2024-06-30
391,G → F → A → F → B → A → D → F → B,9,2024-01-18,2024-07-16
392,E → G → G,3,2024-01-25,2024-07-23
393,D → D → E,3,2024-01-09,2024-07-07
394,D → D → G → C → B → E → C → C → E,9,2024-01-10,2024-07-08
395,A → G → E → A → F → F → F,7,2024-01-17,2024-07-15
396,A → E → A → B → E → D → F,7,2024-01-20,2024-07-18
397,C → D → D,3,2024-01-22,2024-07-20
398,A → D → E → A → D → E → A → A → F → D,10,2024-01-30,2024-07-28
399,D → E → G → E → A → B → C → B → E → E,10,2024-01-09,2024-07-07
400,G → E → B → F → D → C → E → E,8,2024-01-13,2024-07-11
401,A → A → F → B → D → G → A → D,8,2024-01-29,2024-07-27
402,D → B → C,3,2024-01-04,2024-07-02
403,C → A → B,3,2024-01-27,2024-07-25
404,E → G → D → D → B,5,2024-01-06,2024-07-04
405,F → A → A → G → A → G → F,7,2024-01-18,2024-07-16
406,A → E → E,3,2024-01-17,2024-07-15
407,A → B → F → E → E → E → F → C → A → D,10,2024-01-22,2024-07-20
408,B → B → F → F → B → C → B → G → D,9,2024-01-23,2024-07-21
409,A → B → A → F → G → E → G → B → D → A,10,2024-01-19,2024-07-17
410,F → C → D → F,4,2024-01-31,2024-07-29
411,D → E → E → G → C → D → D → A → G → B,10,2024-01-27,2024-07-25
412,G → B → C → F → A → E → D → G → C,9,2024-01-23,2024-07-21
413,F → G → G → F → C,5,2024-01-02,2024-06-30
414,A → E → A → F → G,5,2024-01-25,2024-07-23
415,F → C → D → B → E → B,6,2024-01-15,2024-07-13
416,E → D → B,3,2024-01-15,2024-07-13
417,A → B → B → A → D → G,6,2024-01-02,2024-06-30
418,G → A → E → A → E → D → E → D → A → E,10,2024-01-19,2024-07-17
419,F → G → B → F → E,5,2024-01-13,2024-07-11
420,C → G → E → G → B → A → A → A → E,9,2024-01-11,2024-07-09
421,G → D → B → G,4,2024-01-13,2024-07-11
422,G → F → A → G → C → D → B → F → F → A,10,2024-01-10,2024-07-08
423,F → C → A → B → E → B → C → B,8,2024-01-31,2024-07-29
424,A → G → C → B → A → A → F → D → E → G,10,2024-01-06,2024-07-04
425,F → B → D → D → F → G,6,2024-01-02,2024-06-30
426,E → F → G → G → E → F,6,2024-01-27,2024-07-25
427,E → D → D → A → C → E → D → D → C,9,2024-01-08,2024-07-06
428,C → C → C → D,4,2024-01-13,2024-07-11
429,A → E → C → F → A → E → F → B → C → E,10,2024-01-18,2024-07-16
430,A → D → A → F,4,2024-01-27,2024-07-25
431,C → A → F → B → A → G,6,2024-01-03,2024-07-01
432,G → F → F → D → G → D,6,2024-01-23,2024-07-21
433,C → D → A → D,4,2024-01-07,2024-07-05
434,E → D → C,3,2024-01-14,2024-07-12
435,D → G → A → G → D → G → B,7,2024-01-19,2024-07-17
436,F → B → A → G → D → E → B → B,8,2024-01-20,2024-07-18
437,E → A → C → G → G → D → E → D → A → C,10,2024-01-09,2024-07-07
438,B → G → B → D → E → D → G,7,2024-01-11,2024-07-09
439,A → G → D → F → A → E → G → E → B → G,10,2024-01-05,2024-07-03
440,C → F → E → C → G → F → E,7,2024-01-03,2024-07-01
441,D → D → F → C → E → C → F → B → B,9,2024-01-29,2024-07-27
442,F → G → F → C → C → E → F → F → A,9,2024-01-04,2024-07-02
443,E → E → G → E → A → A → B → B,8,2024-01-29,2024-07-27
444,F → G → D → A → D → C → A → E → B → C,10,2024-01-09,2024-07-07
445,D → C → A → B → G → A → D → A,8,2024-01-05,2024-07-03
446,F → E → F,3,2024-01-10,2024-07-08
447,D → C → E → D → E → F,6,2024-01-27,2024-07-25
448,E → C → G → F → C,5,2024-01-06,2024-07-04
449,E → G → B → E → B → C,6,2024-01-04,2024-07-02
450,B → F → F → F → D,5,2024-01-30,2024-07-28
451,C → A → F,3,2024-01-03,2024-07-01
452,D → E → E → G → C → C → A,7,2024-01-29,2024-07-27
453,A → F → F → C → C → D → D,7,2024-01-11,2024-07-09
454,G → B → B → C → B → D → G → B → A,9,2024-01-15,2024-07-13
455,D → D → E → C → F → F,6,2024-01-18,2024-07-16
456,A → C → D → G → G → A → F → E → A → D,10,2024-01-28,2024-07-26
457,G → A → G,3,2024-01-18,2024-07-16
458,D → C → B,3,2024-01-17,2024-07-15
459,F → C → C,3,2024-01-17,2024-07-15
460,A → C → C → G → A → G → E → C → E → B,10,2024-01-13,2024-07-11
461,A → D → C → E → E → C → F → C → G → D,10,2024-01-29,2024-07-27
462,D → B → F → B → G → F → F → G,8,2024-01-26,2024-07-24
463,E → E → E → F → B → G,6,2024-01-22,2024-07-20
464,G → B → F → G → G,5,2024-01-09,2024-07-07
465,D → F → G → A → D → A → D,7,2024-01-31,2024-07-29
466,G → B → B → D → D → D → D → A,8,2024-01-15,2024-07-13
467,A → E → E → E,4,2024-01-15,2024-07-13
468,F → G → B → C → E → C,6,2024-01-08,2024-07-06
469,G → C → C → B → E,5,2024-01-14,2024-07-12
470,B → F → C → B,4,2024-01-18,2024-07-16
471,C → B → E → F → B → E → E,7,2024-01-19,2024-07-17
472,C → F → C → D,4,2024-01-18,2024-07-16
473,D → F → C → F → C → B → D,7,2024-01-13,2024-07-11
474,G → A → C → A → B,5,2024-01-27,2024-07-25
475,B → C → B → E → F → C → G → B → D → D,10,2024-01-11,2024-07-09
476,B → C → A → G → A → A → G,7,2024-01-06,2024-07-04
477,F → A → F → B → E → D → A → D → A,9,2024-01-09,2024-07-07
478,G → F → F → D → C,5,2024-01-31,2024-07-29
479,E → B → F → G → C,5,2024-01-24,2024-07-22
480,F → C → A → B → G → A → A → C → D,9,2024-01-03,2024-07-01
481,A → B → F,3,2024-01-25,2024-07-23
482,G → A → B → B → A → F → B → E → D → F,10,2024-01-04,2024-07-02
483,F → C → D → E,4,2024-01-01,2024-06-29
484,C → A → G → E → D → G → E,7,2024-01-18,2024-07-16
485,A → A → F → E → E → D → A,7,2024-01-22,2024-07-20
486,E → F → B → G,4,2024-01-06,2024-07-04
487,F → E → F → G → G → F → E,7,2024-01-06,2024-07-04
488,C → A → A → A → F → D → B,7,2024-01-29,2024-07-27
489,C → F → B,3,2024-01-15,2024-07-13
490,G → D → G → D → E → E,6,2024-01-21,2024-07-19
491,B → F → D → E → A → A → A → C,8,2024-01-18,2024-07-16
492,E → A → F → C → G → F → B → F → E → B,10,2024-01-26,2024-07-24
493,F → B → A → D → F,5,2024-01-29,2024-07-27
494,B → A → F → E → B → B → G,7,2024-01-25,2024-07-23
495,G → D → C → B → D → D → B,7,2024-01-19,2024-07-17
496,F → D → G,3,2024-01-27,2024-07-25
497,B → A → F → B → B,5,2024-01-12,2024-07-10
498,G → D → F → C → A,5,2024-01-11,2024-07-09
499,D → C → E → G → C → G → F,7,2024-01-11,2024-07-09
500,D → G → G → B → G → B → G → A,8,2024-01-25,2024-07-23
501,E → G → C → F → G → E,6,2024-01-09,2024-07-07
502,B → D → D → A → A → F → C,7,2024-01-22,2024-07-20
503,F → B → A → F → A → C,6,2024-01-19,2024-07-17
504,D → A → A → G → F → B → A → E → E → B,10,2024-01-03,2024-07-01
505,C → E → B → G → C → E → B → E,8,2024-01-18,2024-07-16
506,A → B → G → G → G → A → E → C → B,9,2024-01-29,2024-07-27
507,F → E → F → E → F → F → F → G,8,2024-01-24,2024-07-22
508,E → A → G → D → F,5,2024-01-14,2024-07-12
509,G → A → A → B → G → A,6,2024-01-26,2024-07-24
510,F → E → E → G,4,2024-01-01,2024-06-29
511,C → D → C → F → E,5,2024-01-04,2024-07-02
512,D → F → A → E → B → E → A → F,8,2024-01-16,2024-07-14
513,F → B → A → C → G → D → A,7,2024-01-26,2024-07-24
514,G → G → E,3,2024-01-23,2024-07-21
515,B → B → B → C → C → F → A,7,2024-01-08,2024-07-06
516,F → C → B → A → F → F → C → C,8,2024-01-29,2024-07-27
517,D → F → F → B,4,2024-01-14,2024-07-12
518,B → E → E → A → B → F,6,2024-01-06,2024-07-04
519,C → B → E,3,2024-01-12,2024-07-10
520,A → C → E,3,2024-01-15,2024-07-13
521,F → F → A → C → C → G → C,7,2024-01-20,2024-07-18
522,D → F → B → C → B,5,2024-01-18,2024-07-16
523,B → A → C → E → C,5,2024-01-15,2024-07-13
524,C → F → G → E,4,2024-01-21,2024-07-19
525,A → A → G → E → B,5,2024-01-04,2024-07-02
526,E → C → C → D,4,2024-01-20,2024-07-18
527,G → F → E → C → D → G → C,7,2024-01-23,2024-07-21
528,D → F → F → D → C → F → F,7,2024-01-16,2024-07-14
529,E → B → B → D → A → G → F → B → A,9,2024-01-25,2024-07-23
530,F → E → D → F → D → C → A,7,2024-01-16,2024-07-14
531,A → F → A → B,4,2024-01-29,2024-07-27
532,A → G → G,3,2024-01-18,2024-07-16
533,B → A → C → A → F → A → E → G → B,9,2024-01-07,2024-07-05
534,C → E → F → F → G → E → C → C → G → F,10,2024-01-31,2024-07-29
535,E → G → E → B,4,2024-01-21,2024-07-19
536,G → B → D → F → D → C → A → B,8,2024-01-11,2024-07-09
537,C → E → C → E → G → E → G → E → B → E,10,2024-01-01,2024-06-29
538,C → C → B → A → G → C → A → C,8,2024-01-13,2024-07-11
539,E → D → C → E → A,5,2024-01-14,2024-07-12
540,C → E → G → G → D → B → F → D → B,9,2024-01-18,2024-07-16
541,E → A → F,3,2024-01-05,2024-07-03
542,E → E → B → D,4,2024-01-12,2024-07-10
543,B → D → F → D → B → A → A → C,8,2024-01-30,2024-07-28
544,G → E → E → D,4,2024-01-21,2024-07-19
545,A → C → G → C → G → F → C → F → E,9,2024-01-28,2024-07-26
546,G → D → B → F,4,2024-01-18,2024-07-16
547,C → B → C → A,4,2024-01-13,2024-07-11
548,D → G → B,3,2024-01-03,2024-07-01
549,C → G → D → F → G → G → E → F → F → C,10,2024-01-23,2024-07-21
550,G → B → A → E → G → D,6,2024-01-24,2024-07-22
551,B → C → D → B → C → G → B → B,8,2024-01-24,2024-07-22
552,D → E → C → C → D,5,2024-01-15,2024-07-13
553,A → A → F → B → D → F → E → C → G → B,10,2024-01-04,2024-07-02
554,E → F → D,3,2024-01-29,2024-07-27
555,A → C → F → C → G → B → G → A,8,2024-01-15,2024-07-13
556,D → F → A → C → E → F → D → F → B,9,2024-01-15,2024-07-13
557,C → E → A,3,2024-01-03,2024-07-01
558,A → C → C → G → B → G → D → C,8,2024-01-10,2024-07-08
559,G → G → D,3,2024-01-16,2024-07-14
560,F → F → D → A → A → E → E → F,8,2024-01-13,2024-07-11
561,E → F → D,3,2024-01-20,2024-07-18
562,C → D → E → E → B → F → A,7,2024-01-09,2024-07-07
563,E → F → C,3,2024-01-18,2024-07-16
564,A → B → F → F → D → F → A → B,8,2024-01-30,2024-07-28
565,E → D → F → F → E → F → D → G → G → F,10,2024-01-18,2024-07-16
566,E → F → B → A → D → D → A → B,8,2024-01-25,2024-07-23
567,D → E → C → F,4,2024-01-03,2024-07-01
568,C → G → F → B → C → A → A,7,2024-01-12,2024-07-10
569,C → D → B,3,2024-01-27,2024-07-25
570,B → G → B → D → E → B → A,7,2024-01-06,2024-07-04
571,D → C → A → C → G,5,2024-01-15,2024-07-13
572,B → E → F → E → G → E → C → E,8,2024-01-03,2024-07-01
573,E → A → D,3,2024-01-27,2024-07-25
574,B → B → A → B → B → D → E,7,2024-01-09,2024-07-07
575,A → D → B → F,4,2024-01-26,2024-07-24
576,D → D → D → E → B → A → E → G → A,9,2024-01-05,2024-07-03
577,G → B → G → E,4,2024-01-13,2024-07-11
578,B → F → B → D → G → F → E → D → E,9,2024-01-08,2024-07-06
579,A → F → F → A → B → A → B → B → F,9,2024-01-13,2024-07-11
580,B → A → A → G → F → C → G → A → A,9,2024-01-30,2024-07-28
581,G → F → A → G,4,2024-01-01,2024-06-29
582,G → G → E → E → F → A,6,2024-01-12,2024-07-10
583,A → G → C → B → A → C,6,2024-01-04,2024-07-02
584,E → B → B → E → E → B → C → G → D,9,2024-01-22,2024-07-20
585,E → F → E → E → D → C → G → F,8,2024-01-22,2024-07-20
586,E → D → E → C → A → E,6,2024-01-09,2024-07-07
587,D → G → B → D,4,2024-01-26,2024-07-24
588,F → G → E → B → B → F → F → B → A,9,2024-01-13,2024-07-11
589,G → C → D → A → G → F → D → G → E,9,2024-01-26,2024-07-24
590,C → G → C,3,2024-01-24,2024-07-22
591,B → E → G → E → D → C → D,7,2024-01-10,2024-07-08
592,C → F → B → B → E → F → D → E,8,2024-01-20,2024-07-18
593,B → G → C → E → G → A → D → F → E → B,10,2024-01-26,2024-07-24
594,F → A → E → D → B → C,6,2024-01-19,2024-07-17
595,E → B → G → G → E → F,6,2024-01-30,2024-07-28
596,D → C → F → C → E → A → E → G,8,2024-01-15,2024-07-13
597,C → C → A,3,2024-01-06,2024-07-04
598,E → B → G → D → C,5,2024-01-08,2024-07-06
599,G → A → A → B → B → E,6,2024-01-14,2024-07-12
600,D → F → F → E → G → D → B,7,2024-01-21,2024-07-19
601,F → C → B → B → C,5,2024-01-02,2024-06-30
602,G → B → B → A → F → A → E,7,2024-01-30,2024-07-28
603,E → C → E → F,4,2024-01-27,2024-07-25
604,D → G → D → C → F → C → A → C → B → A,10,2024-01-17,2024-07-15
605,E → B → E → D → C → B → E,7,2024-01-28,2024-07-26
606,C → F → G → B → B → B → A,7,2024-01-31,2024-07-29
607,E → F → E → E → F → D → F → E,8,2024-01-31,2024-07-29
608,F → A → C,3,2024-01-25,2024-07-23
609,C → E → F → D → B → D,6,2024-01-23,2024-07-21
610,E → G → A → E → E,5,2024-01-13,2024-07-11
611,E → E → E → A → E → C → E → B → D,9,2024-01-07,2024-07-05
612,G → G → F → D,4,2024-01-19,2024-07-17
613,A → D → D → C → F → G → D → B,8,2024-01-29,2024-07-27
614,E → A → C → A,4,2024-01-23,2024-07-21
615,G → C → E,3,2024-01-06,2024-07-04
616,F → F → F → C → E,5,2024-01-01,2024-06-29
617,D → D → E → C → G,5,2024-01-25,2024-07-23
618,A → A → G → D → F,5,2024-01-19,2024-07-17
619,F → A → F → E,4,2024-01-29,2024-07-27
620,F → B → E → A → E → A → D → A → G,9,2024-01-08,2024-07-06
621,A → B → G → E → B → E → B → A,8,2024-01-12,2024-07-10
622,C → C → A,3,2024-01-29,2024-07-27
623,B → A → D → B,4,2024-01-09,2024-07-07
624,C → B → E → G → A → B → F,7,2024-01-19,2024-07-17
625,A → E → F → B → C → E → C → C → E → F,10,2024-01-19,2024-07-17
626,B → C → E → D → E → B → F,7,2024-01-15,2024-07-13
627,B → F → C → G,4,2024-01-17,2024-07-15
628,E → E → A,3,2024-01-19,2024-07-17
629,E → D → D → C → D → A → A → A → F,9,2024-01-21,2024-07-19
630,D → A → G,3,2024-01-23,2024-07-21
631,G → A → G,3,2024-01-04,2024-07-02
632,E → F → C,3,2024-01-18,2024-07-16
633,E → E → G → E → B → G → E,7,2024-01-27,2024-07-25
634,F → A → D → G → B → B → E → D → C → A,10,2024-01-11,2024-07-09
635,G → C → B → A,4,2024-01-15,2024-07-13
636,B → E → A → C → G → A → G → A,8,2024-01-04,2024-07-02
637,B → D → A → B → G → D,6,2024-01-12,2024-07-10
638,B → D → G → C,4,2024-01-16,2024-07-14
639,F → C → F → B,4,2024-01-03,2024-07-01
640,F → G → B → F → D,5,2024-01-06,2024-07-04
641,F → G → A → E,4,2024-01-03,2024-07-01
642,A → G → B → E,4,2024-01-06,2024-07-04
643,F → E → A → B → E,5,2024-01-31,2024-07-29
644,G → F → B → G → B,5,2024-01-24,2024-07-22
645,D → G → B → F → F → G → D → A,8,2024-01-02,2024-06-30
646,G → C → F → C → B → A → A,7,2024-01-19,2024-07-17
647,G → A → E,3,2024-01-03,2024-07-01
648,B → D → E,3,2024-01-11,2024-07-09
649,D → D → G → C → D → C → F → G,8,2024-01-12,2024-07-10
650,E → E → A → C → F → D → G,7,2024-01-20,2024-07-18
651,F → D → A → B,4,2024-01-27,2024-07-25
652,D → G → F,3,2024-01-01,2024-06-29
653,G → A → A,3,2024-01-24,2024-07-22
654,D → D → A → E → G → D,6,2024-01-09,2024-07-07
655,C → F → G → F → F → B → F → E → E,9,2024-01-12,2024-07-10
656,B → F → G → G → E → E → E,7,2024-01-06,2024-07-04
657,C → E → F,3,2024-01-25,2024-07-23
658,B → E → B → A → E → D → B,7,2024-01-02,2024-06-30
659,F → B → E → F,4,2024-01-02,2024-06-30
660,A → F → A → G → G → A → G → D,8,2024-01-20,2024-07-18
661,F → F → D → F → A → B → F → A,8,2024-01-11,2024-07-09
662,A → F → E → G → D → B,6,2024-01-15,2024-07-13
663,B → A → G → E,4,2024-01-28,2024-07-26
664,C → F → A,3,2024-01-06,2024-07-04
665,E → E → G → B → C → D,6,2024-01-04,2024-07-02
666,G → F → D → F,4,2024-01-03,2024-07-01
667,A → B → G → C,4,2024-01-06,2024-07-04
668,B → G → F → F → G → C,6,2024-01-25,2024-07-23
669,F → B → B → B → G → G → C → E,8,2024-01-09,2024-07-07
670,E → E → G,3,2024-01-03,2024-07-01
671,B → G → E → B → F,5,2024-01-24,2024-07-22
672,B → C → A → E → D → G → B → D,8,2024-01-21,2024-07-19
673,F → F → E → F → C → A → A → C → F → A,10,2024-01-12,2024-07-10
674,A → G → G → B → B → C → B,7,2024-01-09,2024-07-07
675,A → F → F → G → G → D,6,2024-01-30,2024-07-28
676,F → D → D → D → B → C → F → B → G,9,2024-01-21,2024-07-19
677,B → E → D → D → G → D → A → D → C,9,2024-01-18,2024-07-16
678,F → G → A → F,4,2024-01-20,2024-07-18
679,C → F → B → A → C,5,2024-01-10,2024-07-08
680,F → B → A → F → F → E,6,2024-01-13,2024-07-11
681,E → C → B → G → B → F → B,7,2024-01-29,2024-07-27
682,A → F → G → G → A → D → A → C → G,9,2024-01-25,2024-07-23
683,F → F → E → B → D → A → G,7,2024-01-12,2024-07-10
684,A → F → E → C → E → F → G → G → C → F,10,2024-01-20,2024-07-18
685,D → E → F → E → D → G → C → C → C,9,2024-01-12,2024-07-10
686,A → F → G → D → B → A,6,2024-01-28,2024-07-26
687,F → C → F,3,2024-01-18,2024-07-16
688,E → A → G → G → A → E → F → D,8,2024-01-06,2024-07-04
689,E → G → A → E → D,5,2024-01-26,2024-07-24
690,G → A → E → E → F → F → G → B,8,2024-01-25,2024-07-23
691,D → G → G → G → G → G,6,2024-01-22,2024-07-20
692,B → F → C → A → G,5,2024-01-21,2024-07-19
693,B → B → A → C → A,5,2024-01-09,2024-07-07
694,A → E → F,3,2024-01-06,2024-07-04
695,D → C → E → F → G → F → A → E → C,9,2024-01-01,2024-06-29
696,E → D → G → A → B → E → D → A → D → G,10,2024-01-27,2024-07-25
697,A → E → A → A → A → G → C → E,8,2024-01-26,2024-07-24
698,A → E → G → C → E → A → E → D,8,2024-01-20,2024-07-18
699,G → D → D → E,4,2024-01-28,2024-07-26
700,F → F → G → A → F,5,2024-01-10,2024-07-08
701,D → D → D → D → C,5,2024-01-17,2024-07-15
702,D → E → B → F → C → E → A → A → D,9,2024-01-18,2024-07-16
703,G → D → A → E → F,5,2024-01-25,2024-07-23
704,F → G → A → B → A → D → E,7,2024-01-24,2024-07-22
705,D → G → E → F → C,5,2024-01-17,2024-07-15
706,G → G → G → C → B,5,2024-01-26,2024-07-24
707,D → C → B → B → B → B → A → D → B → B,10,2024-01-05,2024-07-03
708,E → G → A,3,2024-01-04,2024-07-02
709,B → G → A → C → D → C,6,2024-01-19,2024-07-17
710,E → G → A → A → A → E → A → B → A,9,2024-01-04,2024-07-02
711,D → E → E,3,2024-01-12,2024-07-10
712,D → G → F,3,2024-01-02,2024-06-30
713,D → D → A → B → F → D → G → E,8,2024-01-23,2024-07-21
714,A → C → E → F → B → C,6,2024-01-30,2024-07-28
715,D → A → B → E → B,5,2024-01-27,2024-07-25
716,C → D → B → A → B → A → B → G,8,2024-01-10,2024-07-08
717,B → C → F → E → D,5,2024-01-24,2024-07-22
718,D → D → A → G → A,5,2024-01-04,2024-07-02
719,F → F → G → B,4,2024-01-31,2024-07-29
720,F → B → F → G → B → D → G → E → C → B,10,2024-01-23,2024-07-21
721,G → C → B → D → G,5,2024-01-02,2024-06-30
722,C → A → A → C → B → F,6,2024-01-03,2024-07-01
723,F → A → C → A,4,2024-01-22,2024-07-20
724,G → G → F → B → B → A → C → B → C,9,2024-01-04,2024-07-02
725,B → D → F → C → G → F → C → B → C → A,10,2024-01-27,2024-07-25
726,G → F → B → A → G,5,2024-01-16,2024-07-14
727,C → B → F → G → F → A → G → B → D,9,2024-01-03,2024-07-01
728,B → A → F → D → B → F,6,2024-01-11,2024-07-09
729,A → A → B → B → D → F → A,7,2024-01-04,2024-07-02
730,C → B → G → E → G → E → C → F,8,2024-01-22,2024-07-20
731,G → A → C → D,4,2024-01-29,2024-07-27
732,G → A → G → G → D → B → F → A → F,9,2024-01-06,2024-07-04
733,C → G → D → D → E → B → B → E,8,2024-01-03,2024-07-01
734,F → G → G → F → G → E → B → C,8,2024-01-10,2024-07-08
735,C → C → G → B → A,5,2024-01-26,2024-07-24
736,F → E → A → C,4,2024-01-11,2024-07-09
737,D → A → G → B → C → F → B → A → C,9,2024-01-02,2024-06-30
738,C → A → C → A → B → E → A,7,2024-01-08,2024-07-06
739,D → D → D → E → F → E → B,7,2024-01-08,2024-07-06
740,F → D → G → C → D → E → C → B,8,2024-01-04,2024-07-02
741,G → F → F → B → E → D → G → G → A → E,10,2024-01-23,2024-07-21
742,G → D → A → C → G → B,6,2024-01-23,2024-07-21
743,D → B → F → B → A → F,6,2024-01-11,2024-07-09
744,E → C → C → C,4,2024-01-20,2024-07-18
745,B → A → E → B → F → B → G → D → E → D,10,2024-01-23,2024-07-21
746,F → G → F → C → F → G → B,7,2024-01-02,2024-06-30
747,A → B → A → A → D → D,6,2024-01-04,2024-07-02
748,E → G → G → A → F → F → G → D → C,9,2024-01-09,2024-07-07
749,B → F → B → F → G → E → F → G,8,2024-01-25,2024-07-23
750,A → B → C → B → E → E → G → B → G → C,10,2024-01-09,2024-07-07
751,E → D → E → D → D → B → D → C → C → E,10,2024-01-24,2024-07-22
752,E → E → D → F → F → C,6,2024-01-25,2024-07-23
753,D → C → C → B,4,2024-01-14,2024-07-12
754,F → F → B,3,2024-01-15,2024-07-13
755,F → B → B → E → B,5,2024-01-28,2024-07-26
756,A → B → D → E → B → E → A → C → G → E,10,2024-01-16,2024-07-14
757,C → C → D → C → D → A → D,7,2024-01-18,2024-07-16
758,F → F → A → F,4,2024-01-26,2024-07-24
759,A → G → A → G → D → E → B → F,8,2024-01-20,2024-07-18
760,F → A → D → E → A → D,6,2024-01-25,2024-07-23
761,E → B → C → A → G,5,2024-01-14,2024-07-12
762,D → D → C → B → G → F → G → G → B,9,2024-01-28,2024-07-26
763,E → F → C → D → E → C → B → D → A,9,2024-01-07,2024-07-05
764,G → G → A → G → G,5,2024-01-02,2024-06-30
765,F → E → C → G → D → A,6,2024-01-22,2024-07-20
766,G → A → G → F → E → B → G → F → A,9,2024-01-26,2024-07-24
767,E → G → B → D → D → C → G → B → C,9,2024-01-25,2024-07-23
768,C → A → C → F → G → A → E → F,8,2024-01-17,2024-07-15
769,E → C → D,3,2024-01-19,2024-07-17
770,C → A → B → D,4,2024-01-16,2024-07-14
771,B → F → B → E → E → A → G → A → E → C,10,2024-01-18,2024-07-16
772,E → G → E,3,2024-01-26,2024-07-24
773,D → D → F → F,4,2024-01-08,2024-07-06
774,E → B → B → G → F → E → D → F,8,2024-01-12,2024-07-10
775,G → C → A → F → F,5,2024-01-09,2024-07-07
776,A → F → C → E → C → D,6,2024-01-28,2024-07-26
777,F → A → C → F → G → A → F → C → A → G,10,2024-01-28,2024-07-26
778,F → A → F → F → G → C → G → D,8,2024-01-20,2024-07-18
779,C → G → D → C → A → B → A → B,8,2024-01-02,2024-06-30
780,C → B → A → B → D → D,6,2024-01-08,2024-07-06
781,B → G → D → A → D → B → G → E → C → C,10,2024-01-16,2024-07-14
782,E → E → E → F → G → G → C → G → G,9,2024-01-13,2024-07-11
783,A → A → C → F → A → G → E → F → C → E,10,2024-01-13,2024-07-11
784,E → E → B,3,2024-01-01,2024-06-29
785,A → B → D → A → F → B → C,7,2024-01-08,2024-07-06
786,D → D → A,3,2024-01-21,2024-07-19
787,C → G → C,3,2024-01-12,2024-07-10
788,E → D → B → D → A → F → F,7,2024-01-15,2024-07-13
789,G → B → D,3,2024-01-05,2024-07-03
790,B → C → C → B,4,2024-01-16,2024-07-14
791,F → G → E → C → C → D → D → D → C → A,10,2024-01-10,2024-07-08
792,A → E → C → A → C → E → D → E → A,9,2024-01-17,2024-07-15
793,E → E → B → G → F → B → D → E → E,9,2024-01-31,2024-07-29
794,F → D → E → C → G → B → D → C → G,9,2024-01-23,2024-07-21
795,F → E → E → F → C → C → C → B → E → B,10,2024-01-19,2024-07-17
796,D → G → D → B → D → G → G → F,8,2024-01-21,2024-07-19
797,E → B → A → B → E → B → E → F → G → D,10,2024-01-04,2024-07-02
798,F → B → G,3,2024-01-08,2024-07-06
799,F → D → B → E → C → A → E → E → G,9,2024-01-05,2024-07-03
800,F → D → B → A → B → C → G → G → C → G,10,2024-01-01,2024-06-29
801,E → B → A → G → E → B → D → B,8,2024-01-25,2024-07-23
802,G → B → F → C → F → C → E,7,2024-01-05,2024-07-03
803,D → B → F → G → A → E → B → B → E,9,2024-01-16,2024-07-14
804,A → B → G,3,2024-01-03,2024-07-01
805,D → D → A → G → F → E → D → D → E,9,2024-01-27,2024-07-25
806,C → D → D → B → F → C → A,7,2024-01-09,2024-07-07
807,C → A → G → C → C → B,6,2024-01-24,2024-07-22
808,D → A → A → E → A → E → D → E → G → B,10,2024-01-15,2024-07-13
809,G → D → D → B → E → B,6,2024-01-22,2024-07-20
810,C → C → B → B → F → E → G → A → C,9,2024-01-05,2024-07-03
811,B → D → G,3,2024-01-15,2024-07-13
812,A → A → C → A → D → F → A → D → F → G,10,2024-01-22,2024-07-20
813,C → D → G → G → A,5,2024-01-08,2024-07-06
814,D → E → D → G → C → C → F → A,8,2024-01-26,2024-07-24
815,D → D → B → E → D → F → A → E,8,2024-01-28,2024-07-26
816,B → B → C,3,2024-01-29,2024-07-27
817,E → A → D → A → C,5,2024-01-22,2024-07-20
818,B → G → G → B,4,2024-01-29,2024-07-27
819,B → B → A,3,2024-01-11,2024-07-09
820,A → G → D → A → B → A → C → E → C → C,10,2024-01-05,2024-07-03
821,B → D → B → D,4,2024-01-12,2024-07-10
822,A → B → A → E → G → D,6,2024-01-15,2024-07-13
823,G → C → G → A → F → C → D → B → F,9,2024-01-31,2024-07-29
824,A → G → C → E → C → C,6,2024-01-19,2024-07-17
825,C → D → D → C → A → G,6,2024-01-22,2024-07-20
826,G → F → B → E → G → G → G → E → E,9,2024-01-01,2024-06-29
827,G → C → B → F,4,2024-01-06,2024-07-04
828,A → G → E → E → E → E → G → D → F,9,2024-01-09,2024-07-07
829,B → E → E → B → C → E → D → F → C → A,10,2024-01-17,2024-07-15
830,F → D → E → A → G → B → B → G,8,2024-01-22,2024-07-20
831,E → G → E,3,2024-01-28,2024-07-26
832,D → E → G → C → F → D → B → C,8,2024-01-23,2024-07-21
833,G → C → D → D → E → E → G → G,8,2024-01-31,2024-07-29
834,C → G → B,3,2024-01-07,2024-07-05
835,F → E → F → C → C → B → E → E → E,9,2024-01-20,2024-07-18
836,D → E → C → A → B,5,2024-01-05,2024-07-03
837,A → G → E → D → D → A → B → E → C → A,10,2024-01-20,2024-07-18
838,F → B → C → E → A → G,6,2024-01-25,2024-07-23
839,A → B → F,3,2024-01-21,2024-07-19
840,B → B → G → E → G → D → A → G → E → F,10,2024-01-12,2024-07-10
841,C → B → G,3,2024-01-11,2024-07-09
842,G → A → D → A,4,2024-01-26,2024-07-24
843,D → G → D → G → C → C → C → D,8,2024-01-27,2024-07-25
844,A → B → A → C,4,2024-01-02,2024-06-30
845,F → E → D → G → B,5,2024-01-09,2024-07-07
846,A → E → G → F → A,5,2024-01-05,2024-07-03
847,G → B → D → C → A → D → D → F → E,9,2024-01-26,2024-07-24
848,E → G → C → D → B → B → E → D → F,9,2024-01-18,2024-07-16
849,B → D → C → D → A → G → A,7,2024-01-14,2024-07-12
850,C → E → B → C → G → D → D → A → D,9,2024-01-16,2024-07-14
851,B → E → A → G → C → F → C → B → E → D,10,2024-01-28,2024-07-26
852,E → E → D → C → D → C → C → A,8,2024-01-17,2024-07-15
853,F → C → F → D → E,5,2024-01-02,2024-06-30
854,B → A → C,3,2024-01-21,2024-07-19
855,G → E → A,3,2024-01-23,2024-07-21
856,A → D → G → C → G → C → D → E,8,2024-01-29,2024-07-27
857,B → D → C → C → E → C → C → E,8,2024-01-29,2024-07-27
858,B → B → C → C → D → B → G → D,8,2024-01-22,2024-07-20
859,F → A → A → D → A → C → B → B → G,9,2024-01-09,2024-07-07
860,B → C → A → E → C,5,2024-01-09,2024-07-07
861,G → F → G → E → F,5,2024-01-03,2024-07-01
862,C → E → E → C → F → C,6,2024-01-18,2024-07-16
863,G → D → D → E → A → A,6,2024-01-06,2024-07-04
864,F → F → G → G,4,2024-01-20,2024-07-18
865,D → E → D → D → B → G → G → F → A → B,10,2024-01-01,2024-06-29
866,A → A → G → B → F,5,2024-01-30,2024-07-28
867,C → A → B → B → D → D → E → F → A → F,10,2024-01-26,2024-07-24
868,E → D → E,3,2024-01-22,2024-07-20
869,D → C → F → F → E,5,2024-01-15,2024-07-13
870,F → E → F → C → G → C → D → E → B,9,2024-01-04,2024-07-02
871,A → B → D → D → G → C → G → D,8,2024-01-31,2024-07-29
872,A → G → F → G,4,2024-01-11,2024-07-09
873,A → A → A → E → E → D → A → A,8,2024-01-27,2024-07-25
874,C → B → A → F → G → C → E,7,2024-01-23,2024-07-21
875,A → A → C → A,4,2024-01-16,2024-07-14
876,G → B → A → D,4,2024-01-01,2024-06-29
877,C → A → B → G → G → C → F → G → E,9,2024-01-16,2024-07-14
878,B → F → D → G → C → F → A → D → F → B,10,2024-01-07,2024-07-05
879,B → A → D → A → E,5,2024-01-19,2024-07-17
880,C → D → A → F → F → A,6,2024-01-02,2024-06-30
881,B → B → E → E → A → A,6,2024-01-09,2024-07-07
882,F → G → F → D → B → G,6,2024-01-31,2024-07-29
883,C → E → G → G → G → B → E → B → D,9,2024-01-09,2024-07-07
884,B → C → C → F → A → D,6,2024-01-21,2024-07-19
885,C → A → B → A → B → A → D → C,8,2024-01-16,2024-07-14
886,G → F → G → A,4,2024-01-20,2024-07-18
887,E → F → G,3,2024-01-26,2024-07-24
888,G → A → E,3,2024-01-31,2024-07-29
889,E → G → D → C → G → C → E → A,8,2024-01-14,2024-07-12
890,F → A → E,3,2024-01-10,2024-07-08
891,C → F → B → G → D → C → C,7,2024-01-16,2024-07-14
892,D → C → F → E → G → F,6,2024-01-13,2024-07-11
893,C → E → A → D → E → D,6,2024-01-08,2024-07-06
894,B → B → C → F → G → C,6,2024-01-23,2024-07-21
895,F → F → D → E → F,5,2024-01-02,2024-06-30
896,B → G → C → D → B → B → C,7,2024-01-22,2024-07-20
897,E → B → E → D → C,5,2024-01-22,2024-07-20
898,B → C → B → A → C,5,2024-01-11,2024-07-09
899,B → A → E → E → G → E,6,2024-01-26,2024-07-24
900,B → A → B → B → C → A,6,2024-01-18,2024-07-16
901,F → D → C → C → B → G → A,7,2024-01-22,2024-07-20
902,F → D → C → C → F,5,2024-01-09,2024-07-07
903,B → C → C → D → F → D → F → C → D,9,2024-01-02,2024-06-30
904,B → D → C,3,2024-01-26,2024-07-24
905,C → C → E,3,2024-01-15,2024-07-13
906,E → E → D → B → B → E → G → F → E,9,2024-01-21,2024-07-19
907,C → F → E → D → G → F → G → G,8,2024-01-21,2024-07-19
908,B → A → G,3,2024-01-16,2024-07-14
909,B → E → G → F → B → B → A → G → A,9,2024-01-23,2024-07-21
910,A → D → E → E → D,5,2024-01-18,2024-07-16
911,C → D → A → C → B → B → A,7,2024-01-06,2024-07-04
912,C → G → E → A → G → C → B → G → G → A,10,2024-01-08,2024-07-06
913,E → B → A,3,2024-01-06,2024-07-04
914,D → C → G → E → C → E → E → C → B,9,2024-01-25,2024-07-23
915,B → F → G → F → D → F → D → C → A → D,10,2024-01-09,2024-07-07
916,B → E → C → F → C → C → B → G → F → G,10,2024-01-26,2024-07-24
917,E → G → F → A → C,5,2024-01-24,2024-07-22
918,F → C → C → D → D → A → B → D → F → E,10,2024-01-11,2024-07-09
919,C → D → G → G → D → D → E → E → A,9,2024-01-05,2024-07-03
920,B → D → A,3,2024-01-23,2024-07-21
921,E → F → C → G → A → E → A,7,2024-01-28,2024-07-26
922,C → G → F → B → C → C → G,7,2024-01-04,2024-07-02
923,F → G → E → E → E → C → E → E → F,9,2024-01-29,2024-07-27
924,D → D → A → F → D → E → A → D → G → F,10,2024-01-13,2024-07-11
925,D → F → G → F → B,5,2024-01-26,2024-07-24
926,C → C → A → A → E,5,2024-01-09,2024-07-07
927,F → A → D → G → G → G → C → F → D,9,2024-01-06,2024-07-04
928,F → A → D → G → C,5,2024-01-19,2024-07-17
929,D → B → F → C → G → A → D → F → E → G,10,2024-01-18,2024-07-16
930,F → G → C → F → A,5,2024-01-02,2024-06-30
931,G → E → C → D → E → D → E → F → F,9,2024-01-25,2024-07-23
932,A → G → A → E → A,5,2024-01-19,2024-07-17
933,F → G → B → B → D → F → B,7,2024-01-28,2024-07-26
934,E → E → F → G → E → B → B → G,8,2024-01-11,2024-07-09
935,E → F → G → B → F → C → G → G,8,2024-01-22,2024-07-20
936,F → A → A → A → F → F → F → E → B,9,2024-01-10,2024-07-08
937,E → D → A → G,4,2024-01-31,2024-07-29
938,G → A → E → C → E → A → E → D → A → F,10,2024-01-15,2024-07-13
939,F → F → B → E → D → C → D → B → B,9,2024-01-01,2024-06-29
940,F → C → G → B → D → F → E,7,2024-01-22,2024-07-20
941,F → E → G → C,4,2024-01-17,2024-07-15
942,G → F → D → F → A → D → F → G,8,2024-01-07,2024-07-05
943,C → B → G → D → F → A,6,2024-01-07,2024-07-05
944,B → E → D → C → E,5,2024-01-22,2024-07-20
945,E → G → G → C,4,2024-01-15,2024-07-13
946,F → A → B → B → E → A → C → A → G → G,10,2024-01-26,2024-07-24
947,F → G → C → E → G → G,6,2024-01-17,2024-07-15
948,E → D → E → G → B,5,2024-01-13,2024-07-11
949,D → B → C → D → B → C → E → B → F → A,10,2024-01-13,2024-07-11
950,D → G → E → E → B → E → G → E,8,2024-01-28,2024-07-26
951,E → C → G → A,4,2024-01-19,2024-07-17
952,F → C → F,3,2024-01-16,2024-07-14
953,B → C → D → D → B → A,6,2024-01-09,2024-07-07
954,E → E → A → D → E → C → G → F,8,2024-01-17,2024-07-15
955,F → B → A → B → G → B → A → A → E → B,10,2024-01-18,2024-07-16
956,D → F → E → F → G → C,6,2024-01-14,2024-07-12
957,G → E → B,3,2024-01-09,2024-07-07
958,C → C → F → C → B,5,2024-01-12,2024-07-10
959,A → B → C → A → F → F → G,7,2024-01-25,2024-07-23
960,C → C → E → C,4,2024-01-08,2024-07-06
961,G → C → B,3,2024-01-05,2024-07-03
962,B → C → A,3,2024-01-19,2024-07-17
963,D → B → F → D → A → B → A → A,8,2024-01-07,2024-07-05
964,C → G → E → A → C → F → A → D → F,9,2024-01-21,2024-07-19
965,D → E → A → A → D → E → A → D → E → A,10,2024-01-12,2024-07-10
966,C → C → F → F → F → B → E → D,8,2024-01-20,2024-07-18
967,B → E → C → G → C → E → D,7,2024-01-23,2024-07-21
968,D → D → G → A → D → A,6,2024-01-28,2024-07-26
969,B → F → D → A → A → G → C → F → E,9,2024-01-25,2024-07-23
970,F → G → F → B → B → B → B → C → B → D,10,2024-01-16,2024-07-14
971,D → A → D → E → G,5,2024-01-01,2024-06-29
972,G → B → A,3,2024-01-04,2024-07-02
973,E → E → D,3,2024-01-12,2024-07-10
974,A → D → G → E → D → B → F,7,2024-01-19,2024-07-17
975,G → G → C → F → F,5,2024-01-24,2024-07-22
976,C → D → B → E,4,2024-01-23,2024-07-21
977,C → C → D → E → A → E → B,7,2024-01-07,2024-07-05
978,F → F → D → F → D → G → C → B → B,9,2024-01-04,2024-07-02
979,C → F → F → F → G → E → F → C,8,2024-01-15,2024-07-13
980,F → F → F → G → G → D,6,2024-01-19,2024-07-17
981,A → A → B → E → G → B,6,2024-01-09,2024-07-07
982,C → E → F → B → F → A → D,7,2024-01-23,2024-07-21
983,A → A → D → B → F → A → F → E → E,9,2024-01-30,2024-07-28
984,D → B → D → F,4,2024-01-21,2024-07-19
985,B → E → B → A → F → F → G → E → G,9,2024-01-18,2024-07-16
986,G → F → E → B,4,2024-01-25,2024-07-23
987,G → D → G → E → E → B → D → E,8,2024-01-27,2024-07-25
988,E → D → E → B → A → G → C → C → B,9,2024-01-12,2024-07-10
989,E → G → E → D → C → C → D → B,8,2024-01-03,2024-07-01
990,D → D → B → B → C → D → E → D → G → F,10,2024-01-23,2024-07-21
991,F → A → E → A → F → A,6,2024-01-07,2024-07-05
992,D → F → C → C,4,2024-01-27,2024-07-25
993,G → A → D → F → A → D → F → A,8,2024-01-23,2024-07-21
994,F → D → C → F → A → C,6,2024-01-09,2024-07-07
995,F → A → A → F → B → C → D → A → C,9,2024-01-19,2024-07-17
996,B → C → G → D → E → F → D → F → E,9,2024-01-02,2024-06-30
997,C → E → G → F → D → C → D → G,8,2024-01-22,2024-07-20
998,B → A → D → G → A → C → B → E → A,9,2024-01-26,2024-07-24
999,F → C → E → D → A → B → G → C → E → C,10,2024-01-29,2024-07-27
1000,F → E → F → F → C → A,6,2024-01-31,2024-07-29
